_c0,source_user
1,C100$@DOM1
1,C1000$@DOM1
1,C1001$@DOM1
1,C1002$@DOM1
1,C1004$@DOM1
1,C1009$@DOM1
1,C1012$@DOM1
1,C1016$@DOM1
1,C1017$@DOM1
1,C1018$@DOM1
2,C1020$@DOM1
1,C1021$@DOM1
1,C1024$@DOM1
1,C1026$@DOM1
1,C1029$@DOM1
1,C1030$@DOM1
1,C1032$@DOM1
1,C1037$@DOM1
1,C1038$@DOM1
1,C1039$@DOM1
1,C1045$@DOM1
1,C1047$@DOM1
1,C1048$@DOM1
1,C1050$@DOM1
1,C1051$@DOM1
1,C1053$@DOM1
1,C1054$@DOM1
1,C1055$@DOM1
1,C1058$@DOM1
1,C1059$@DOM1
1,C1060$@DOM1
1,C1063$@DOM1
1,C1064$@DOM1
2,C1069$@DOM1
1,C107$@DOM1
1,C1070$@DOM1
1,C1071$@DOM1
1,C1072$@DOM1
1,C1073$@DOM1
1,C1074$@DOM1
1,C1076$@DOM1
1,C1077$@DOM1
1,C1078$@DOM1
1,C1079$@DOM1
1,C1081$@DOM1
1,C1082$@DOM1
1,C1084$@DOM1
1,C1085$@DOM1
1,C1086$@DOM1
1,C1088$@DOM1
1,C1091$@DOM1
1,C1092$@DOM1
1,C1093$@DOM1
1,C1096$@DOM1
1,C1097$@DOM1
1,C1098$@DOM1
1,C11$@DOM1
1,C110$@DOM1
1,C1102$@DOM1
1,C1104$@DOM1
1,C1105$@DOM1
1,C1106$@DOM1
1,C1108$@DOM1
1,C1109$@DOM1
1,C111$@DOM1
1,C1111$@DOM1
1,C1112$@DOM1
1,C1113$@DOM1
1,C1116$@DOM1
1,C1117$@DOM1
1,C1118$@DOM1
1,C1120$@DOM1
1,C1123$@DOM1
1,C1125$@DOM1
1,C1126$@DOM1
1,C1127$@DOM1
1,C1128$@DOM1
1,C1129$@DOM1
1,C1130$@DOM1
1,C1131$@DOM1
1,C1132$@DOM1
1,C1138$@DOM1
1,C1140$@DOM1
1,C1145$@DOM1
1,C1147$@DOM1
1,C1148$@DOM1
2,C1151$@DOM1
2,C1154$@DOM1
1,C1155$@DOM1
1,C1156$@DOM1
1,C1158$@DOM1
1,C116$@DOM1
1,C1160$@DOM1
1,C1165$@DOM1
1,C1166$@DOM1
1,C1167$@DOM1
1,C1169$@DOM1
1,C117$@DOM1
1,C1170$@DOM1
1,C1171$@DOM1
1,C1172$@DOM1
1,C1179$@DOM1
1,C1180$@DOM1
1,C1184$@DOM1
1,C1185$@DOM1
1,C1186$@DOM1
1,C1187$@DOM1
1,C119$@DOM1
1,C1190$@DOM1
1,C1193$@DOM1
1,C1196$@DOM1
1,C1197$@DOM1
1,C1198$@DOM1
1,C1199$@DOM1
1,C12$@DOM1
1,C1202$@DOM1
1,C1205$@DOM1
1,C1208$@DOM1
1,C121$@DOM1
1,C1210$@DOM1
1,C1212$@DOM1
1,C1216$@DOM1
1,C1217$@DOM1
1,C1218$@DOM1
1,C1219$@DOM1
1,C1220$@DOM1
1,C1222$@DOM1
1,C1223$@DOM1
1,C1224$@DOM1
1,C1225$@DOM1
1,C1227$@DOM1
1,C1230$@DOM1
1,C1231$@DOM1
1,C1233$@DOM1
1,C1236$@DOM1
1,C1238$@DOM1
1,C1239$@DOM1
1,C124$@DOM1
1,C1240$@DOM1
2,C1241$@DOM1
1,C1242$@DOM1
1,C1243$@DOM1
1,C1246$@DOM1
1,C1248$@DOM1
1,C1251$@DOM1
1,C1253$@DOM1
1,C1255$@DOM1
1,C126$@DOM1
1,C1263$@DOM1
1,C1265$@DOM1
1,C1266$@DOM1
1,C127$@DOM1
1,C1271$@DOM1
1,C1272$@DOM1
1,C1274$@DOM1
1,C1275$@DOM1
1,C1277$@DOM1
1,C128$@DOM1
1,C1282$@DOM1
1,C1283$@DOM1
1,C1285$@DOM1
1,C1287$@DOM1
1,C1295$@DOM1
1,C1296$@DOM1
1,C1297$@DOM1
1,C1298$@DOM1
1,C1299$@DOM1
1,C1300$@DOM1
1,C1304$@DOM1
1,C1305$@DOM1
1,C1307$@DOM1
1,C1308$@DOM1
1,C131$@DOM1
1,C1310$@DOM1
1,C1311$@DOM1
1,C1313$@DOM1
1,C1314$@DOM1
1,C1315$@DOM1
1,C1318$@DOM1
1,C132$@DOM1
1,C1321$@DOM1
1,C1322$@DOM1
1,C1323$@DOM1
1,C1325$@DOM1
1,C1330$@DOM1
1,C1331$@DOM1
1,C1332$@DOM1
1,C1333$@DOM1
1,C1335$@DOM1
1,C1337$@DOM1
1,C1338$@DOM1
1,C1339$@DOM1
1,C1341$@DOM1
1,C1342$@DOM1
1,C1343$@DOM1
1,C1344$@DOM1
1,C1349$@DOM1
1,C1350$@DOM1
1,C1354$@DOM1
1,C1356$@DOM1
1,C1357$@DOM1
1,C1359$@DOM1
1,C1362$@DOM1
1,C1363$@DOM1
1,C1365$@DOM1
1,C1366$@DOM1
1,C1369$@DOM1
1,C1371$@DOM1
1,C1375$@DOM1
1,C1376$@DOM1
1,C1377$@DOM1
1,C1378$@DOM1
1,C1379$@DOM1
1,C1380$@DOM1
1,C1381$@DOM1
1,C1383$@DOM1
1,C1386$@DOM1
1,C1388$@DOM1
1,C139$@DOM1
1,C1392$@DOM1
1,C1394$@DOM1
1,C1395$@DOM1
1,C1396$@DOM1
1,C1399$@DOM1
1,C14$@DOM1
1,C140$@DOM1
1,C1403$@DOM1
1,C1405$@DOM1
1,C1406$@DOM1
1,C1407$@DOM1
1,C1408$@DOM1
1,C1409$@DOM1
1,C141$@DOM1
1,C1412$@DOM1
1,C1416$@DOM1
1,C1417$@DOM1
1,C1418$@DOM1
1,C142$@DOM1
1,C1420$@DOM1
1,C1422$@DOM1
1,C1425$@DOM1
1,C1426$@DOM1
1,C1427$@DOM1
1,C1428$@DOM1
1,C1429$@DOM1
1,C143$@DOM1
1,C1430$@DOM1
1,C1431$@DOM1
1,C1433$@DOM1
1,C1436$@DOM1
1,C1439$@DOM1
1,C144$@DOM1
1,C1440$@DOM1
1,C1441$@DOM1
1,C1442$@DOM1
1,C1443$@DOM1
1,C1445$@DOM1
1,C1449$@DOM1
1,C145$@DOM1
1,C1450$@DOM1
1,C1453$@DOM1
1,C1458$@DOM1
1,C147$@DOM1
1,C1474$@DOM1
1,C1476$@DOM1
1,C1481$@DOM1
1,C1483$@DOM1
1,C1484$@DOM1
1,C1485$@DOM1
1,C149$@DOM1
1,C1495$@DOM1
1,C1498$@DOM1
2,C1504$@DOM1
1,C1505$@DOM1
1,C1506$@DOM1
1,C152$@DOM1
1,C1525$@DOM1
1,C1543$@DOM1
1,C1545$@DOM1
1,C1546$@DOM1
1,C1561$@DOM1
1,C1580$@DOM1
1,C1585$@DOM1
1,C1588$@DOM1
1,C1593$@DOM1
1,C16$@DOM1
1,C1634$@DOM1
1,C164$@DOM1
1,C165$@DOM1
1,C170$@DOM1
1,C1714$@DOM1
1,C1716$@DOM1
1,C1719$@DOM1
1,C1734$@DOM1
1,C175$@DOM1
1,C1751$@DOM1
1,C1754$@DOM1
1,C1767$@DOM1
1,C1772$@DOM1
1,C182$@DOM1
1,C1824$@DOM1
1,C184$@DOM1
1,C1840$@DOM1
1,C1868$@DOM1
1,C190$@DOM1
1,C1934$@DOM1
1,C194$@DOM1
1,C1951$@DOM1
1,C1975$@DOM1
1,C1976$@DOM1
1,C2024$@DOM1
1,C2048$@DOM1
1,C205$@DOM1
1,C2051$@DOM1
1,C2056$@DOM1
1,C206$@DOM1
1,C2067$@DOM1
1,C208$@DOM1
1,C2095$@DOM1
1,C210$@DOM1
1,C2115$@DOM1
1,C212$@DOM1
1,C213$@DOM1
1,C2164$@DOM1
1,C224$@DOM1
1,C226$@DOM1
1,C2269$@DOM1
1,C2292$@DOM1
1,C2293$@DOM1
1,C2300$@DOM1
1,C234$@DOM1
1,C235$@DOM1
1,C236$@DOM1
1,C242$@DOM1
1,C2434$@DOM1
1,C244$@DOM1
1,C2461$@DOM1
1,C2462$@DOM1
1,C249$@DOM1
1,C2506$@DOM1
1,C2532$@DOM1
1,C2536$@DOM1
1,C257$@DOM1
1,C2578$@DOM1
1,C261$@DOM1
1,C2622$@DOM1
1,C2648$@DOM1
1,C265$@DOM1
1,C2656$@DOM1
1,C2657$@DOM1
1,C2659$@DOM1
1,C2661$@DOM1
1,C2667$@DOM1
1,C2670$@DOM1
1,C269$@DOM1
1,C270$@DOM1
1,C2700$@DOM1
1,C2701$@DOM1
1,C275$@DOM1
1,C2751$@DOM1
1,C2754$@DOM1
1,C276$@DOM1
1,C28$@DOM1
1,C2804$@DOM1
1,C282$@DOM1
1,C2827$@DOM1
1,C2842$@DOM1
1,C2848$@DOM1
1,C2883$@DOM1
1,C29$@DOM1
1,C2938$@DOM1
1,C295$@DOM1
1,C2955$@DOM1
1,C297$@DOM1
1,C3$@DOM1
1,C30$@DOM1
1,C303$@DOM1
1,C3036$@DOM1
1,C3038$@DOM1
1,C3039$@DOM1
1,C3059$@DOM1
1,C3062$@DOM1
1,C3067$@DOM1
1,C3081$@DOM1
1,C3097$@DOM1
1,C312$@DOM1
1,C3126$@DOM1
1,C3143$@DOM1
1,C3148$@DOM1
1,C316$@DOM1
1,C32$@DOM1
1,C3224$@DOM1
1,C323$@DOM1
1,C3236$@DOM1
1,C3237$@DOM1
1,C326$@DOM1
1,C3279$@DOM1
1,C328$@DOM1
1,C329$@DOM1
1,C331$@DOM1
1,C3311$@DOM1
1,C3312$@DOM1
1,C3327$@DOM1
1,C3333$@DOM1
1,C335$@DOM1
1,C3387$@DOM1
1,C3401$@DOM1
1,C341$@DOM1
1,C3427$@DOM1
1,C343$@DOM1
1,C3436$@DOM1
1,C345$@DOM1
1,C3459$@DOM1
1,C3483$@DOM1
1,C3503$@DOM1
1,C3509$@DOM1
1,C351$@DOM1
1,C3522$@DOM1
1,C354$@DOM1
1,C3572$@DOM1
1,C358$@DOM1
1,C363$@DOM1
1,C3634$@DOM1
1,C3659$@DOM1
1,C3668$@DOM1
1,C367$@DOM1
1,C369$@DOM1
1,C3718$@DOM1
1,C373$@DOM1
1,C3745$@DOM1
1,C376$@DOM1
1,C3760$@DOM1
1,C377$@DOM1
1,C380$@DOM1
1,C381$@DOM1
1,C3827$@DOM1
1,C3839$@DOM1
1,C3844$@DOM1
1,C3862$@DOM1
1,C3890$@DOM1
1,C394$@DOM1
1,C4$@DOM1
1,C402$@DOM1
1,C403$@DOM1
1,C410$@DOM1
1,C411$@DOM1
1,C414$@DOM1
1,C423$@DOM1
1,C44$@DOM1
1,C442$@DOM1
1,C443$@DOM1
1,C450$@DOM1
1,C451$@DOM1
1,C453$@DOM1
1,C454$@DOM1
1,C460$@DOM1
1,C463$@DOM1
1,C467$@DOM1
1,C468$@DOM1
1,C471$@DOM1
1,C475$@DOM1
1,C479$@DOM1
1,C491$@DOM1
1,C495$@DOM1
1,C496$@DOM1
1,C497$@DOM1
1,C5$@DOM1
1,C502$@DOM1
1,C505$@DOM1
1,C511$@DOM1
1,C515$@DOM1
1,C520$@DOM1
1,C526$@DOM1
1,C528$@DOM1
1,C53$@DOM1
1,C542$@DOM1
1,C543$@DOM1
1,C548$@DOM1
1,C553$@DOM1
1,C555$@DOM1
1,C559$@DOM1
1,C561$@DOM1
1,C57$@DOM1
1,C5764$@DOM1
1,C5783$@DOM1
1,C5799$@DOM1
1,C580$@DOM1
1,C5843$@DOM1
1,C5847$@DOM1
1,C5850$@DOM1
1,C588$@DOM1
1,C591$@DOM1
1,C592$@DOM1
1,C593$@DOM1
1,C600$@DOM1
1,C602$@DOM1
1,C607$@DOM1
1,C619$@DOM1
1,C624$@DOM1
1,C625$@DOM1
1,C626$@DOM1
1,C629$@DOM1
1,C637$@DOM1
1,C64$@DOM1
1,C641$@DOM1
1,C643$@DOM1
1,C644$@DOM1
1,C649$@DOM1
1,C65$@DOM1
1,C650$@DOM1
1,C652$@DOM1
1,C653$@DOM1
1,C655$@DOM1
1,C66$@DOM1
1,C660$@DOM1
1,C665$@DOM1
1,C669$@DOM1
1,C671$@DOM1
1,C674$@DOM1
1,C681$@DOM1
1,C686$@DOM1
1,C700$@DOM1
1,C704$@DOM1
1,C709$@DOM1
1,C721$@DOM1
1,C724$@DOM1
1,C725$@DOM1
1,C733$@DOM1
1,C740$@DOM1
1,C745$@DOM1
1,C747$@DOM1
1,C748$@DOM1
1,C750$@DOM1
1,C753$@DOM1
1,C757$@DOM1
1,C76$@DOM1
1,C771$@DOM1
1,C775$@DOM1
1,C778$@DOM1
1,C781$@DOM1
1,C788$@DOM1
1,C79$@DOM1
1,C791$@DOM1
1,C792$@DOM1
1,C797$@DOM1
1,C799$@DOM1
1,C8$@DOM1
1,C806$@DOM1
1,C810$@DOM1
1,C814$@DOM1
1,C817$@DOM1
1,C819$@DOM1
1,C820$@DOM1
1,C822$@DOM1
1,C825$@DOM1
1,C827$@DOM1
1,C829$@DOM1
1,C830$@DOM1
1,C831$@DOM1
1,C837$@DOM1
1,C838$@DOM1
1,C840$@DOM1
1,C847$@DOM1
1,C855$@DOM1
1,C864$@DOM1
1,C866$@DOM1
1,C874$@DOM1
1,C876$@DOM1
1,C877$@DOM1
1,C885$@DOM1
1,C892$@DOM1
1,C897$@DOM1
1,C899$@DOM1
1,C90$@DOM1
1,C902$@DOM1
1,C904$@DOM1
1,C905$@DOM1
1,C907$@DOM1
1,C913$@DOM1
1,C914$@DOM1
1,C918$@DOM1
1,C924$@DOM1
1,C925$@DOM1
1,C927$@DOM1
1,C928$@DOM1
1,C932$@DOM1
1,C945$@DOM1
1,C950$@DOM1
1,C966$@DOM1
1,C970$@DOM1
1,C973$@DOM1
1,C975$@DOM1
1,C977$@DOM1
1,C982$@DOM1
1,C986$@DOM1
1,C987$@DOM1
1,C988$@DOM1
1,C989$@DOM1
1,C99$@DOM1
1,C992$@DOM1
1,C994$@DOM1
1,U101@DOM1
2,U147@DOM1
3,U175@DOM1
1,U188@DOM1
1,U198@DOM1
4,U1@DOM1
1,U21@DOM1
1,U23@DOM1
1,U25@DOM1
1,U25@DOM3
1,U26@DOM1
1,U27@DOM1
1,U30@DOM3
1,U32@DOM1
1,U33@C1700
4,U3@DOM1
1,U42@DOM1
1,U45@C1106
2,U45@C1504
1,U45@C2115
1,U46@DOM1
1,U4@DOM1
1,U59@DOM1
1,U5@DOM1
1,U68@DOM1
4,U6@DOM1
1,U76@DOM1
1,U78@DOM1
4,U7@DOM1
1,U81@C2547
1,U86@DOM1
1,U88@DOM1
2,U8@DOM1
2,U90@DOM1
1,U91@DOM1
